student_id,student_name,class,age,gender,ethnicity,disability_status,family_size,favorite_subjects,access_to_constant_electricity,on_scholarship,sleep,average_study_time,enjoy_reading,enjoy_dancing,enjoy_socialising,anxiety_before_during_exams,distance_to_school,mode_of_transportation
OGB/2024/0,Nkechi Akinyemi,Jss 3,13,Female,Hausa,True,0,Civic Education,True,True,<6 hours,4 - 6 hours,True,False,True,False,close,bicycle
OGB/2024/1,Temiloluwa Eze,SS2,16,Male,Yoruba,False,1,Geography,False,True,>8 hours,4 - 6 hours,False,True,False,True,very far,school bus
OGB/2024/2,Bukola Obi,Jss 2,11,Male,Hausa,True,3,Business Studies,False,True,>8 hours,2 - 3 hours,False,False,True,True,very close,tricycle
OGB/2024/3,Ada Abiola,SS3,14,Male,Hausa,False,1,Business Studies,True,True,>8 hours,4 - 6 hours,False,False,True,False,far,tricycle
OGB/2024/4,Obinna Okeke,SS2,14,Female,Hausa,True,3,Business Studies,True,True,>8 hours,4 - 6 hours,False,True,False,False,close,private/family car
OGB/2024/5,Chinyere Uba,Jss 2,13,Female,Yoruba,True,3,History,True,True,>8 hours,4 - 6 hours,True,True,False,True,far,school bus
OGB/2024/6,Doyin Onyekachi,Jss 2,13,Female,Yoruba,True,0,Chemistry,True,True,>8 hours,1 - 2 hours,True,True,True,True,very far,tricycle
OGB/2024/7,Ihuoma Tajudeen,SS1,15,Female,Igbo,True,2,Agricultural Science,True,True,6 - 8 hours,4 - 6 hours,True,True,True,True,close,trekking
OGB/2024/8,Fola Ojo,SS1,15,Female,Igbo,True,2,Computer Studies,True,True,>8 hours,1 - 2 hours,True,True,True,True,far,school bus
OGB/2024/9,Tobi Olaniyi,Jss 1,10,Female,Hausa,True,1,Mathematics,True,True,6 - 8 hours,1 - 2 hours,False,False,False,False,far,school bus
OGB/2024/10,Ijeoma Ezeani,SS3,16,Female,Hausa,True,2,Mathematics,True,False,6 - 8 hours,> 6 hours,False,False,True,False,close,bicycle
OGB/2024/11,Ifeoma Ogunbiyi,SS3,16,Female,Yoruba,True,4,Business Studies,True,True,6 - 8 hours,<1 hour,False,False,False,True,very far,bicycle
OGB/2024/12,Obiageli Akinyemi,Jss 3,12,Female,Igbo,True,1,Chemistry,True,True,<6 hours,2 - 3 hours,True,False,False,False,very close,school bus
OGB/2024/13,Jumoke Aiyegbusi,Jss 2,13,Female,Yoruba,True,1,Agricultural Science,True,True,>8 hours,<1 hour,False,True,True,True,very close,trekking
OGB/2024/14,Bola Adeola,SS3,17,Male,Yoruba,True,4,Civic Education,True,False,>8 hours,> 6 hours,False,False,True,True,close,tricycle
OGB/2024/15,Bukola Johnson,Jss 3,12,Female,Yoruba,True,3,Civic Education,False,True,>8 hours,3 - 4 hours,True,True,False,True,close,trekking
OGB/2024/16,Kelechi Uba,SS3,18,Female,Hausa,True,2,Chemistry,True,True,<6 hours,1 - 2 hours,False,False,False,False,close,bicycle
OGB/2024/17,Ugo Johnson,SS1,13,Male,Hausa,True,3,English Language,True,True,6 - 8 hours,4 - 6 hours,True,False,False,False,close,tricycle
OGB/2024/18,Chinyere Ogundipe,Jss 2,12,Female,Igbo,True,1,Civic Education,True,True,>8 hours,4 - 6 hours,True,True,True,True,very far,private/family car
OGB/2024/19,Chinwe Nwodo,SS3,14,Male,Hausa,True,2,Geography,True,True,<6 hours,3 - 4 hours,True,True,True,False,far,school bus
OGB/2024/20,Uche Akanbi,SS3,16,Female,Hausa,True,3,Biology,True,True,<6 hours,> 6 hours,False,False,True,False,far,bicycle
OGB/2024/21,Chidera Adeola,Jss 2,10,Female,Yoruba,True,0,Geography,True,True,>8 hours,> 6 hours,False,False,False,True,very far,tricycle
OGB/2024/22,Temitope Adebayo,SS1,15,Male,Hausa,True,0,Physics,True,True,6 - 8 hours,2 - 3 hours,True,True,False,False,close,bicycle
OGB/2024/23,Zainab Okwudili,Jss 3,13,Female,Yoruba,True,1,Mathematics,True,True,<6 hours,1 - 2 hours,False,False,True,False,very close,private/family car
OGB/2024/24,Bukola Eze,SS3,17,Female,Igbo,True,1,Agricultural Science,True,True,6 - 8 hours,3 - 4 hours,False,False,False,False,close,private/family car
OGB/2024/25,Chukwuemeka Ajibola,SS1,14,Male,Hausa,True,1,Biology,True,True,6 - 8 hours,3 - 4 hours,False,True,False,False,far,bicycle
OGB/2024/26,Obinna Nwosu,SS3,16,Female,Igbo,True,4,Agricultural Science,True,True,>8 hours,3 - 4 hours,False,True,True,True,close,trekking
OGB/2024/27,Damilola Dada,SS3,18,Male,Hausa,True,1,Business Studies,True,True,>8 hours,1 - 2 hours,False,True,True,True,far,trekking
OGB/2024/28,Oluwaseun Uba,Jss 2,11,Female,Yoruba,True,0,History,True,True,>8 hours,1 - 2 hours,True,True,False,True,close,trekking
OGB/2024/29,Kehinde Ogunleye,SS3,16,Male,Hausa,True,4,History,True,True,6 - 8 hours,1 - 2 hours,False,True,False,False,very close,school bus
OGB/2024/30,Chukwuemeka Nduka,Jss 3,11,Female,Yoruba,True,more than 5,Biology,True,True,6 - 8 hours,1 - 2 hours,True,False,False,False,far,school bus
OGB/2024/31,Olamide Nwankwo,SS3,18,Female,Igbo,True,1,English Language,True,True,<6 hours,<1 hour,False,True,True,True,close,private/family car
OGB/2024/32,Olamide Uba,SS1,15,Male,Yoruba,True,more than 5,Civic Education,True,True,<6 hours,3 - 4 hours,True,False,False,False,very far,trekking
OGB/2024/33,Bukola Okwudili,SS3,15,Female,Yoruba,True,4,Civic Education,True,True,<6 hours,<1 hour,True,True,True,False,close,private/family car
OGB/2024/34,Obinna Uba,Jss 2,12,Female,Igbo,True,3,Computer Studies,True,True,>8 hours,2 - 3 hours,True,True,True,False,very close,bicycle
OGB/2024/35,Chinwe Eze,Jss 2,12,Male,Igbo,False,2,Civic Education,True,True,6 - 8 hours,3 - 4 hours,False,False,False,False,very far,school bus
OGB/2024/36,Fola Adeyemi,SS1,15,Male,Yoruba,True,3,English Language,True,True,6 - 8 hours,1 - 2 hours,False,False,True,True,very close,bicycle
OGB/2024/37,Kanyinsola Balogun,SS3,17,Male,Hausa,True,2,Civic Education,True,False,6 - 8 hours,> 6 hours,True,False,False,True,close,school bus
OGB/2024/38,Nneka Obi,Jss 3,11,Female,Yoruba,True,2,Civic Education,True,False,<6 hours,> 6 hours,False,True,False,False,very far,tricycle
OGB/2024/39,Temiloluwa Olatunde,Jss 2,10,Female,Yoruba,True,0,Geography,True,True,>8 hours,1 - 2 hours,True,True,True,False,far,tricycle
OGB/2024/40,Chukwuemeka Adesina,SS1,14,Female,Hausa,True,1,English Language,True,True,>8 hours,1 - 2 hours,True,False,True,True,very far,private/family car
OGB/2024/41,Kehinde Nwankwo,Jss 3,13,Female,Yoruba,False,more than 5,Civic Education,True,True,6 - 8 hours,<1 hour,False,True,False,False,very far,private/family car
OGB/2024/42,Chika Ogunyemi,SS1,14,Male,Yoruba,True,2,Fine Arts,True,True,6 - 8 hours,1 - 2 hours,False,True,False,False,close,school bus
OGB/2024/43,Ujunwa Tajudeen,SS1,15,Female,Igbo,True,2,Business Studies,True,True,6 - 8 hours,3 - 4 hours,False,True,True,True,far,private/family car
OGB/2024/44,Obiageli Chukwuma,Jss 3,12,Male,Hausa,True,4,Mathematics,True,True,6 - 8 hours,4 - 6 hours,False,False,True,True,far,tricycle
OGB/2024/45,Ngozi Adesina,Jss 3,11,Female,Hausa,True,2,English Language,True,True,<6 hours,3 - 4 hours,True,False,True,True,very far,school bus
OGB/2024/46,Kanyinsola Abiola,Jss 2,10,Female,Igbo,True,3,History,True,True,<6 hours,> 6 hours,False,False,False,False,very far,trekking
OGB/2024/47,Chinwe Ezeani,SS2,16,Male,Hausa,True,1,History,True,True,6 - 8 hours,2 - 3 hours,False,True,True,True,very far,trekking
OGB/2024/48,Amina Balogun,SS1,15,Male,Hausa,True,0,Mathematics,True,True,<6 hours,3 - 4 hours,True,True,False,False,far,private/family car
OGB/2024/49,Uche Adebayo,Jss 2,13,Female,Igbo,True,1,Agricultural Science,True,True,6 - 8 hours,1 - 2 hours,True,True,True,False,very far,tricycle
OGB/2024/50,Bukola Balogun,SS3,18,Female,Yoruba,True,2,Agricultural Science,True,True,6 - 8 hours,3 - 4 hours,True,True,False,True,very close,bicycle
OGB/2024/51,Chinyere Nwankwo,Jss 1,11,Female,Yoruba,True,2,Mathematics,True,True,6 - 8 hours,3 - 4 hours,True,False,True,False,close,tricycle
OGB/2024/52,Bukola Abiola,SS3,14,Male,Yoruba,True,0,English Language,True,True,<6 hours,<1 hour,True,False,False,False,close,bicycle
OGB/2024/53,Obinna Ogunyemi,SS3,16,Female,Igbo,True,0,Computer Studies,True,True,6 - 8 hours,4 - 6 hours,False,False,False,True,close,school bus
OGB/2024/54,Chinwe Chukwuma,SS3,16,Male,Igbo,True,0,Computer Studies,False,True,6 - 8 hours,> 6 hours,False,False,False,False,very far,tricycle
OGB/2024/55,Bimbo Adeola,Jss 3,11,Female,Hausa,True,4,Business Studies,True,True,>8 hours,3 - 4 hours,False,True,False,True,close,trekking
OGB/2024/56,Chika Ojo,SS2,14,Female,Yoruba,False,2,Physics,True,True,>8 hours,> 6 hours,False,False,False,True,very far,bicycle
OGB/2024/57,Bukola Ibrahim,SS3,16,Female,Igbo,True,2,Agricultural Science,False,False,<6 hours,2 - 3 hours,False,True,False,True,close,school bus
OGB/2024/58,Ijeoma Nwodo,SS3,17,Female,Igbo,True,0,Agricultural Science,True,True,>8 hours,3 - 4 hours,True,True,False,True,far,trekking
OGB/2024/59,Nkechi Obi,Jss 3,11,Female,Igbo,False,1,Biology,True,True,<6 hours,4 - 6 hours,False,False,False,True,very far,trekking
OGB/2024/60,Funke Suleiman,Jss 1,10,Female,Hausa,True,2,Business Studies,True,True,6 - 8 hours,> 6 hours,True,True,False,True,very far,trekking
OGB/2024/61,Duru Okwudili,SS1,13,Male,Igbo,False,more than 5,Business Studies,True,True,>8 hours,4 - 6 hours,True,False,True,False,close,school bus
OGB/2024/62,Aderonke Dada,SS1,13,Female,Yoruba,False,2,Civic Education,True,True,<6 hours,4 - 6 hours,True,True,True,False,far,private/family car
OGB/2024/63,Ngozi Okafor,SS3,14,Female,Igbo,True,1,Geography,True,True,6 - 8 hours,4 - 6 hours,False,False,True,True,far,school bus
OGB/2024/64,Temiloluwa Awojobi,SS3,16,Female,Igbo,True,3,Geography,True,True,>8 hours,4 - 6 hours,False,True,False,False,very close,tricycle
OGB/2024/65,Damilola Adeola,Jss 3,11,Female,Hausa,True,2,Mathematics,True,True,>8 hours,> 6 hours,False,True,False,False,close,school bus
OGB/2024/66,Olamide Balogun,SS1,15,Female,Yoruba,True,4,Biology,True,True,<6 hours,> 6 hours,False,False,True,False,very close,bicycle
OGB/2024/67,Bimbo Ojo,Jss 3,13,Female,Yoruba,True,1,Civic Education,True,True,6 - 8 hours,<1 hour,False,False,True,True,far,bicycle
OGB/2024/68,Kehinde Dada,SS3,18,Female,Yoruba,True,2,Geography,True,True,>8 hours,4 - 6 hours,True,True,True,True,very far,tricycle
OGB/2024/69,Ngozi Suleiman,Jss 3,11,Male,Igbo,True,1,Agricultural Science,True,True,6 - 8 hours,<1 hour,True,False,False,False,far,bicycle
OGB/2024/70,Ekene Nduka,SS2,16,Female,Hausa,True,1,Computer Studies,True,True,6 - 8 hours,3 - 4 hours,True,True,False,True,close,bicycle
OGB/2024/71,Amina Ibrahim,Jss 2,12,Female,Yoruba,True,1,Computer Studies,True,True,>8 hours,3 - 4 hours,True,False,True,False,very close,bicycle
OGB/2024/72,Tobi Ogunleye,Jss 3,13,Female,Igbo,True,1,Civic Education,True,True,6 - 8 hours,<1 hour,True,False,True,True,very far,school bus
OGB/2024/73,Ayo Ibrahim,SS3,15,Male,Hausa,True,0,Fine Arts,True,True,<6 hours,1 - 2 hours,True,True,False,False,far,bicycle
OGB/2024/74,Bola Uba,Jss 3,13,Female,Yoruba,True,2,Business Studies,True,True,>8 hours,4 - 6 hours,True,True,True,True,very far,private/family car
OGB/2024/75,Ihuoma Ibrahim,SS2,15,Male,Hausa,True,1,Geography,True,True,<6 hours,4 - 6 hours,False,False,False,True,very far,trekking
OGB/2024/76,Funke Ogunyemi,SS2,14,Female,Hausa,True,4,Fine Arts,True,True,>8 hours,3 - 4 hours,False,True,True,False,very far,school bus
OGB/2024/77,Kanyinsola Ajayi,SS3,15,Male,Igbo,True,2,Civic Education,False,True,<6 hours,> 6 hours,True,False,True,True,very far,private/family car
OGB/2024/78,Chukwuemeka Ogunbiyi,SS3,15,Male,Hausa,True,1,English Language,True,True,6 - 8 hours,<1 hour,True,False,False,True,very far,bicycle
OGB/2024/79,Temiloluwa Nduka,SS3,18,Male,Igbo,True,3,English Language,False,True,6 - 8 hours,4 - 6 hours,True,True,False,True,far,bicycle
OGB/2024/80,Ijeoma Onyekachi,Jss 3,11,Male,Yoruba,True,0,Business Studies,True,True,<6 hours,3 - 4 hours,True,False,True,True,very far,bicycle
OGB/2024/81,Kehinde Chukwuma,Jss 3,13,Female,Yoruba,True,3,Biology,True,True,6 - 8 hours,4 - 6 hours,False,False,True,True,far,trekking
OGB/2024/82,Bukola Awojobi,SS3,17,Female,Hausa,True,4,Mathematics,True,True,<6 hours,> 6 hours,False,False,True,False,far,bicycle
OGB/2024/83,Ololade Dada,SS3,14,Female,Yoruba,True,2,Geography,True,True,>8 hours,<1 hour,False,True,False,True,very far,bicycle
OGB/2024/84,Chukwuemeka Idowu,SS3,17,Female,Igbo,True,3,Geography,True,True,>8 hours,1 - 2 hours,False,True,False,False,very close,tricycle
OGB/2024/85,Chinedu Olatunde,Jss 1,11,Female,Igbo,True,1,Business Studies,True,True,6 - 8 hours,2 - 3 hours,True,True,False,True,close,school bus
OGB/2024/86,Doyin Akanbi,Jss 1,10,Female,Igbo,True,0,Physics,True,False,6 - 8 hours,3 - 4 hours,False,True,False,True,very far,school bus
OGB/2024/87,Temiloluwa Adeyemi,SS2,15,Male,Hausa,True,1,Agricultural Science,True,True,>8 hours,3 - 4 hours,False,False,False,True,close,private/family car
OGB/2024/88,Obinna Ojo,SS3,18,Male,Hausa,True,2,Agricultural Science,True,True,6 - 8 hours,2 - 3 hours,True,True,False,True,far,trekking
OGB/2024/89,Bimbo Nwosu,SS3,16,Male,Hausa,True,more than 5,Geography,False,True,>8 hours,2 - 3 hours,False,False,True,True,very close,bicycle
OGB/2024/90,Yemi Chukwuma,SS3,17,Male,Igbo,True,3,Fine Arts,True,True,>8 hours,3 - 4 hours,True,False,True,True,far,trekking
OGB/2024/91,Ugo Ogundipe,Jss 3,11,Female,Igbo,True,4,English Language,True,False,<6 hours,1 - 2 hours,True,True,True,False,very close,tricycle
OGB/2024/92,Uche Adesina,Jss 1,10,Female,Igbo,True,2,Mathematics,True,True,<6 hours,3 - 4 hours,True,True,False,True,far,trekking
OGB/2024/93,Jumoke Abiola,SS2,15,Male,Igbo,True,1,Chemistry,True,True,>8 hours,2 - 3 hours,True,False,True,False,very close,school bus
OGB/2024/94,Ada Ajayi,SS3,17,Male,Hausa,True,1,Civic Education,False,True,>8 hours,4 - 6 hours,True,False,False,True,far,trekking
OGB/2024/95,Ifeanyichukwu Olatunde,Jss 3,11,Female,Hausa,True,1,Chemistry,True,True,<6 hours,<1 hour,True,False,False,True,close,tricycle
OGB/2024/96,Ihuoma Ogunleye,SS2,15,Male,Hausa,True,4,Fine Arts,True,True,>8 hours,> 6 hours,False,False,True,True,very close,trekking
OGB/2024/97,Ekene Kalu,SS3,18,Male,Hausa,True,0,Fine Arts,True,True,>8 hours,4 - 6 hours,True,False,True,True,very close,tricycle
OGB/2024/98,Adebisi Okafor,Jss 1,12,Female,Igbo,True,2,Fine Arts,True,True,>8 hours,1 - 2 hours,True,True,False,False,very close,trekking
OGB/2024/99,Ifeanyichukwu Adeyemi,SS3,17,Female,Igbo,True,2,History,True,True,6 - 8 hours,3 - 4 hours,True,True,True,True,far,private/family car
OGB/2024/100,Amina Obadiah,Jss 2,12,Female,Yoruba,True,2,English Language,True,True,<6 hours,> 6 hours,True,True,True,True,very close,bicycle
OGB/2024/101,Opeyemi Ojo,Jss 3,12,Female,Yoruba,True,more than 5,Physics,True,True,>8 hours,3 - 4 hours,False,False,False,True,close,school bus
OGB/2024/102,Doyin Adesina,Jss 2,13,Female,Yoruba,True,1,Computer Studies,True,True,>8 hours,<1 hour,True,True,True,False,far,school bus
OGB/2024/103,Nkemdilim Kalu,SS1,13,Male,Igbo,True,4,Biology,True,True,6 - 8 hours,> 6 hours,True,False,True,False,close,trekking
OGB/2024/104,Temitope Ajibola,SS1,13,Male,Hausa,True,2,Biology,True,True,6 - 8 hours,4 - 6 hours,True,False,False,False,far,trekking
OGB/2024/105,Temitope Olaniyi,SS3,18,Female,Hausa,True,4,English Language,True,True,>8 hours,<1 hour,False,False,False,False,far,trekking
OGB/2024/106,Doyin Tajudeen,Jss 2,11,Male,Hausa,True,1,History,True,True,<6 hours,1 - 2 hours,False,True,False,True,far,tricycle
OGB/2024/107,Ololade Tajudeen,Jss 1,11,Female,Igbo,True,1,Biology,True,True,6 - 8 hours,4 - 6 hours,True,True,False,True,far,trekking
OGB/2024/108,Temitope Awojobi,SS3,14,Male,Yoruba,False,1,Civic Education,True,True,<6 hours,> 6 hours,True,False,False,False,close,private/family car
OGB/2024/109,Tunde Ajayi,SS2,16,Male,Hausa,True,0,Biology,False,True,6 - 8 hours,4 - 6 hours,True,False,False,True,close,trekking
OGB/2024/110,Nneka Idowu,Jss 2,13,Male,Yoruba,True,0,Fine Arts,True,False,6 - 8 hours,1 - 2 hours,True,True,False,True,far,trekking
OGB/2024/111,Ifeanyichukwu Obinna,SS3,16,Female,Yoruba,True,3,Geography,True,True,<6 hours,3 - 4 hours,True,False,True,True,very close,bicycle
OGB/2024/112,Kelechi Tajudeen,Jss 2,10,Male,Igbo,True,1,English Language,True,True,>8 hours,3 - 4 hours,False,True,True,False,far,private/family car
OGB/2024/113,Olamide Nduka,Jss 3,13,Male,Igbo,True,4,History,True,True,<6 hours,2 - 3 hours,True,False,False,True,far,trekking
OGB/2024/114,Ada Olowu,Jss 2,10,Female,Hausa,True,1,Mathematics,True,True,>8 hours,3 - 4 hours,False,True,False,True,far,school bus
OGB/2024/115,Damilola Ogunyemi,Jss 2,12,Female,Igbo,True,2,Business Studies,True,True,>8 hours,<1 hour,True,True,False,False,very far,private/family car
OGB/2024/116,Chinonso Ojo,Jss 1,9,Male,Igbo,True,1,Business Studies,True,True,6 - 8 hours,1 - 2 hours,True,False,True,True,very far,private/family car
OGB/2024/117,Nnamdi Awojobi,SS3,15,Male,Igbo,True,3,Computer Studies,True,False,6 - 8 hours,3 - 4 hours,False,False,False,False,very close,tricycle
OGB/2024/118,Doyin Fadeyi,SS3,16,Female,Hausa,True,4,English Language,True,True,6 - 8 hours,4 - 6 hours,True,False,True,True,very far,school bus
OGB/2024/119,Ifeanyichukwu Tajudeen,SS2,15,Male,Yoruba,True,0,Civic Education,True,True,>8 hours,> 6 hours,True,False,False,False,close,school bus
OGB/2024/120,Bukola Suleiman,Jss 2,11,Female,Yoruba,True,2,Civic Education,True,True,>8 hours,1 - 2 hours,True,False,False,True,very far,tricycle
OGB/2024/121,Doyin Akinyemi,Jss 3,12,Female,Hausa,True,2,Business Studies,True,True,<6 hours,3 - 4 hours,True,False,True,False,close,private/family car
OGB/2024/122,Chika Adebayo,Jss 3,11,Female,Yoruba,True,4,Computer Studies,True,True,<6 hours,<1 hour,True,False,False,True,close,school bus
OGB/2024/123,Duru Kalu,SS1,13,Female,Yoruba,True,2,Agricultural Science,True,True,<6 hours,2 - 3 hours,True,False,False,True,close,tricycle
OGB/2024/124,Chika Kalu,SS2,15,Male,Hausa,True,4,Chemistry,True,True,<6 hours,2 - 3 hours,False,False,True,True,very far,tricycle
OGB/2024/125,Duru Obadiah,Jss 3,12,Male,Yoruba,False,0,Civic Education,True,True,>8 hours,> 6 hours,True,True,False,True,close,tricycle
OGB/2024/126,Chidera Obadiah,Jss 2,10,Female,Igbo,True,3,Mathematics,True,True,>8 hours,> 6 hours,True,False,False,False,very far,tricycle
OGB/2024/127,Chinedu Obi,SS3,17,Male,Hausa,True,2,Agricultural Science,True,True,<6 hours,> 6 hours,True,False,True,True,very far,bicycle
OGB/2024/128,Ujunwa Abubakar,Jss 2,10,Female,Hausa,True,3,Fine Arts,True,True,<6 hours,1 - 2 hours,False,True,True,True,far,tricycle
OGB/2024/129,Tobi Abiola,Jss 3,12,Male,Igbo,True,1,Mathematics,True,True,>8 hours,> 6 hours,False,False,True,False,very close,school bus
OGB/2024/130,Olufemi Nwankwo,Jss 3,13,Female,Igbo,True,1,Agricultural Science,True,True,<6 hours,> 6 hours,False,True,False,True,far,school bus
OGB/2024/131,Adebisi Okeke,Jss 2,12,Male,Igbo,True,2,History,True,True,6 - 8 hours,<1 hour,True,True,True,True,close,private/family car
OGB/2024/132,Ada Balogun,SS1,13,Female,Igbo,True,2,Computer Studies,True,True,>8 hours,<1 hour,True,True,True,True,very far,trekking
OGB/2024/133,Adebisi Ojo,SS1,14,Female,Hausa,True,more than 5,Civic Education,True,True,6 - 8 hours,<1 hour,True,True,True,True,very far,tricycle
OGB/2024/134,Aderonke Okwudili,SS3,14,Female,Hausa,True,1,Agricultural Science,True,True,6 - 8 hours,> 6 hours,True,True,True,True,close,tricycle
OGB/2024/135,Kehinde Obinna,Jss 2,12,Male,Hausa,True,1,Chemistry,True,True,>8 hours,3 - 4 hours,True,True,True,False,very far,trekking
OGB/2024/136,Nkemdilim Ojo,SS3,15,Female,Igbo,True,3,Fine Arts,True,True,>8 hours,> 6 hours,True,True,False,False,very far,trekking
OGB/2024/137,Nnamdi Fadeyi,SS2,14,Female,Igbo,True,3,Computer Studies,True,True,6 - 8 hours,2 - 3 hours,True,False,True,False,very close,school bus
OGB/2024/138,Chinyere Ojo,Jss 2,12,Male,Igbo,True,4,Chemistry,True,True,<6 hours,<1 hour,False,False,True,True,far,school bus
OGB/2024/139,Yemi Obadiah,SS1,13,Female,Igbo,True,4,Fine Arts,True,True,<6 hours,4 - 6 hours,True,True,True,True,close,bicycle
OGB/2024/140,Obiageli Ogundipe,SS2,16,Female,Igbo,True,4,Chemistry,True,True,>8 hours,> 6 hours,True,False,True,True,close,trekking
OGB/2024/141,Obiageli Obinna,SS3,16,Female,Hausa,True,1,English Language,True,True,6 - 8 hours,3 - 4 hours,True,False,False,False,far,private/family car
OGB/2024/142,Ifeoma Aiyegbusi,Jss 1,10,Male,Igbo,True,3,History,True,False,6 - 8 hours,> 6 hours,True,True,True,False,very close,trekking
OGB/2024/143,Ifeanyichukwu Ibrahim,SS2,14,Female,Igbo,True,2,Business Studies,True,False,>8 hours,4 - 6 hours,False,False,True,False,very far,private/family car
OGB/2024/144,Nkemdilim Eze,Jss 3,11,Female,Hausa,True,2,Computer Studies,False,True,>8 hours,4 - 6 hours,False,True,False,True,far,tricycle
OGB/2024/145,Ekene Akinyemi,SS3,16,Male,Yoruba,True,1,Computer Studies,True,True,6 - 8 hours,1 - 2 hours,True,False,True,True,far,bicycle
OGB/2024/146,Ijeoma Kalu,Jss 2,13,Female,Yoruba,True,2,Geography,True,True,6 - 8 hours,3 - 4 hours,False,False,False,True,close,tricycle
OGB/2024/147,Ada Akinyemi,SS3,15,Male,Igbo,True,2,Agricultural Science,True,True,>8 hours,4 - 6 hours,True,False,False,True,very far,school bus
OGB/2024/148,Nneka Ajibola,SS2,16,Female,Yoruba,True,3,History,True,True,6 - 8 hours,3 - 4 hours,True,False,True,False,very far,private/family car
OGB/2024/149,Ayo Idowu,Jss 3,12,Female,Yoruba,True,2,History,True,True,<6 hours,<1 hour,False,False,False,True,very far,school bus
OGB/2024/150,Fola Olowu,SS2,15,Female,Hausa,True,1,Computer Studies,True,True,>8 hours,1 - 2 hours,False,True,True,False,far,private/family car
OGB/2024/151,Ngozi Abiola,SS2,16,Female,Igbo,False,4,Fine Arts,True,False,<6 hours,2 - 3 hours,False,True,False,False,far,school bus
OGB/2024/152,Ugo Okafor,SS2,14,Female,Hausa,True,3,Biology,True,True,>8 hours,4 - 6 hours,True,True,False,False,very close,bicycle
OGB/2024/153,Chinedu Ogunbiyi,SS3,14,Female,Hausa,True,0,Physics,False,True,>8 hours,> 6 hours,True,False,True,True,very close,trekking
OGB/2024/154,Chika Johnson,SS2,14,Male,Igbo,True,2,History,True,True,6 - 8 hours,1 - 2 hours,False,True,False,True,close,tricycle
OGB/2024/155,Chukwuemeka Awojobi,SS3,16,Female,Hausa,True,1,Geography,True,True,<6 hours,1 - 2 hours,True,True,True,True,close,trekking
OGB/2024/156,Opeyemi Adeyemi,SS2,14,Male,Igbo,False,1,Physics,True,True,6 - 8 hours,1 - 2 hours,False,False,False,True,far,tricycle
OGB/2024/157,Temiloluwa Okafor,SS3,15,Female,Igbo,False,1,Civic Education,True,True,<6 hours,1 - 2 hours,True,True,False,True,very far,trekking
OGB/2024/158,Fola Adesina,SS2,16,Female,Yoruba,True,3,Chemistry,True,True,6 - 8 hours,> 6 hours,False,True,False,False,very far,tricycle
OGB/2024/159,Ololade Okwudili,Jss 3,13,Male,Igbo,True,1,Chemistry,True,True,>8 hours,<1 hour,True,False,True,True,close,school bus
OGB/2024/160,Chinyere Abubakar,Jss 3,13,Female,Igbo,True,4,History,True,True,<6 hours,3 - 4 hours,True,True,True,False,very far,bicycle
OGB/2024/161,Chinwe Abiola,SS1,15,Female,Igbo,True,4,Computer Studies,True,True,<6 hours,2 - 3 hours,False,True,True,True,very close,private/family car
OGB/2024/162,Doyin Ogunleye,SS3,17,Female,Igbo,True,3,Fine Arts,True,True,>8 hours,2 - 3 hours,False,True,True,False,very far,school bus
OGB/2024/163,Ujunwa Obinna,Jss 1,9,Female,Igbo,True,more than 5,Fine Arts,True,True,>8 hours,> 6 hours,False,False,False,True,close,school bus
OGB/2024/164,Ihuoma Ajayi,Jss 2,12,Female,Yoruba,True,1,Agricultural Science,True,True,6 - 8 hours,3 - 4 hours,True,True,True,True,very far,private/family car
OGB/2024/165,Nneka Nwodo,SS3,15,Male,Yoruba,True,1,Physics,True,True,<6 hours,2 - 3 hours,True,True,True,True,very close,trekking
OGB/2024/166,Sadiq Nwosu,Jss 2,12,Female,Hausa,True,3,Fine Arts,True,True,6 - 8 hours,> 6 hours,False,False,False,True,far,tricycle
OGB/2024/167,Obinna Obadiah,Jss 2,10,Male,Igbo,True,3,Agricultural Science,True,True,<6 hours,1 - 2 hours,False,True,True,False,very far,school bus
OGB/2024/168,Nnamdi Kalu,SS1,13,Female,Igbo,True,1,Geography,True,True,<6 hours,<1 hour,True,False,True,False,far,school bus
OGB/2024/169,Uche Nwodo,SS3,15,Female,Yoruba,False,3,Fine Arts,True,True,6 - 8 hours,1 - 2 hours,False,True,False,True,very close,trekking
OGB/2024/170,Kelechi Abubakar,SS1,14,Male,Yoruba,False,2,Fine Arts,True,True,>8 hours,1 - 2 hours,False,False,False,True,close,school bus
OGB/2024/171,Fisayo Ojo,SS3,18,Female,Hausa,True,0,Agricultural Science,True,False,>8 hours,<1 hour,False,True,True,True,very close,tricycle
OGB/2024/172,Ifeoma Ajibola,SS3,17,Female,Igbo,True,2,Business Studies,True,True,6 - 8 hours,4 - 6 hours,False,False,True,True,close,private/family car
OGB/2024/173,Aderonke Aiyegbusi,Jss 2,10,Female,Igbo,True,4,Biology,True,True,>8 hours,2 - 3 hours,False,False,False,False,very close,bicycle
OGB/2024/174,Ifeoma Okwudili,SS3,14,Female,Hausa,True,2,Biology,True,True,6 - 8 hours,<1 hour,True,True,True,False,very far,bicycle
OGB/2024/175,Zainab Abubakar,Jss 3,12,Female,Igbo,True,2,Biology,True,True,>8 hours,3 - 4 hours,False,False,True,True,very close,private/family car
OGB/2024/176,Tunde Obi,SS3,18,Male,Igbo,True,2,Computer Studies,True,True,6 - 8 hours,3 - 4 hours,False,True,True,False,close,private/family car
OGB/2024/177,Nneka Fadeyi,SS3,18,Female,Igbo,True,1,Fine Arts,True,True,6 - 8 hours,3 - 4 hours,False,True,False,False,close,private/family car
OGB/2024/178,Ekene Okeke,Jss 3,11,Male,Yoruba,True,0,Physics,True,True,6 - 8 hours,4 - 6 hours,True,True,False,False,very close,trekking
OGB/2024/179,Fisayo Nwosu,Jss 2,11,Female,Yoruba,False,3,Business Studies,True,True,6 - 8 hours,<1 hour,True,False,True,False,very far,bicycle
OGB/2024/180,Ayo Kalu,SS3,15,Male,Yoruba,True,0,Geography,True,True,>8 hours,4 - 6 hours,False,False,False,True,far,school bus
OGB/2024/181,Ayo Nduka,Jss 2,12,Female,Igbo,True,3,Business Studies,True,True,<6 hours,3 - 4 hours,False,False,True,True,close,trekking
OGB/2024/182,Fola Chukwuma,SS3,17,Female,Yoruba,False,2,Chemistry,True,True,>8 hours,1 - 2 hours,True,False,False,True,close,tricycle
OGB/2024/183,Sadiq Suleiman,SS3,14,Female,Hausa,True,3,Fine Arts,True,True,<6 hours,1 - 2 hours,True,True,False,True,far,private/family car
OGB/2024/184,Oluwaseun Akanbi,SS3,18,Female,Igbo,True,2,Business Studies,True,True,6 - 8 hours,4 - 6 hours,False,False,False,True,very close,school bus
OGB/2024/185,Opeyemi Onyekachi,SS3,16,Female,Igbo,True,2,Chemistry,True,True,<6 hours,> 6 hours,True,True,False,True,very far,bicycle
OGB/2024/186,Yemi Adebayo,SS3,15,Female,Igbo,True,1,Agricultural Science,True,True,<6 hours,3 - 4 hours,False,False,True,False,very close,school bus
OGB/2024/187,Chinwe Balogun,SS3,18,Male,Igbo,True,4,Agricultural Science,True,True,>8 hours,3 - 4 hours,False,False,True,True,far,trekking
OGB/2024/188,Nneka Obadiah,Jss 3,12,Male,Igbo,True,1,Fine Arts,True,True,6 - 8 hours,3 - 4 hours,True,True,True,True,very close,school bus
OGB/2024/189,Temitope Hassan,SS3,15,Male,Hausa,True,0,Business Studies,True,True,6 - 8 hours,3 - 4 hours,True,True,True,True,close,private/family car
OGB/2024/190,Fisayo Suleiman,Jss 1,9,Female,Yoruba,True,0,Geography,True,True,6 - 8 hours,<1 hour,True,True,True,False,far,bicycle
OGB/2024/191,Yemi Hassan,SS1,15,Male,Hausa,True,0,Fine Arts,True,True,<6 hours,4 - 6 hours,False,False,False,False,very far,bicycle
OGB/2024/192,Sadiq Nduka,Jss 3,12,Male,Yoruba,True,1,English Language,True,True,6 - 8 hours,4 - 6 hours,False,False,False,False,very far,bicycle
OGB/2024/193,Fola Dada,SS2,14,Female,Yoruba,True,1,Geography,True,True,>8 hours,<1 hour,True,True,True,True,close,bicycle
OGB/2024/194,Opeyemi Akinyemi,SS2,16,Female,Hausa,True,1,Agricultural Science,True,True,<6 hours,1 - 2 hours,True,True,False,False,very close,trekking
OGB/2024/195,Chinwe Uba,SS1,15,Female,Yoruba,True,2,Civic Education,True,True,<6 hours,4 - 6 hours,True,False,True,True,close,trekking
OGB/2024/196,Ngozi Obadiah,SS3,18,Female,Yoruba,True,1,Computer Studies,True,True,<6 hours,2 - 3 hours,False,True,False,True,very far,school bus
OGB/2024/197,Jumoke Ojo,SS3,18,Male,Hausa,True,4,Computer Studies,True,True,<6 hours,4 - 6 hours,True,False,False,False,very far,trekking
OGB/2024/198,Chika Adeyemi,Jss 2,10,Female,Yoruba,True,3,Business Studies,True,True,>8 hours,> 6 hours,False,False,False,True,very close,bicycle
OGB/2024/199,Obinna Obinna,Jss 2,13,Female,Igbo,True,1,Fine Arts,True,True,<6 hours,4 - 6 hours,True,True,True,True,very far,tricycle
OGB/2024/200,Obiageli Obi,Jss 1,12,Female,Yoruba,True,2,History,True,True,<6 hours,1 - 2 hours,False,True,False,True,close,school bus
OGB/2024/201,Chika Adesina,SS3,14,Female,Hausa,True,2,Business Studies,True,True,>8 hours,<1 hour,True,False,True,False,close,tricycle
OGB/2024/202,Tunde Adeola,SS1,15,Male,Igbo,True,more than 5,Fine Arts,True,True,6 - 8 hours,1 - 2 hours,True,True,False,True,close,bicycle
OGB/2024/203,Uche Dada,SS3,17,Female,Igbo,True,2,Agricultural Science,True,True,>8 hours,1 - 2 hours,False,True,True,False,far,tricycle
OGB/2024/204,Tunde Idowu,Jss 2,12,Male,Yoruba,True,2,Physics,True,True,6 - 8 hours,<1 hour,False,True,True,True,very far,school bus
OGB/2024/205,Yemi Okafor,Jss 1,11,Male,Hausa,True,1,History,True,True,<6 hours,> 6 hours,False,True,False,True,very far,trekking
OGB/2024/206,Ifeanyichukwu Nwankwo,SS3,14,Male,Igbo,True,4,Mathematics,True,True,<6 hours,2 - 3 hours,False,False,True,False,close,bicycle
OGB/2024/207,Ujunwa Ajayi,SS3,16,Male,Yoruba,False,1,Agricultural Science,True,True,<6 hours,<1 hour,False,False,True,False,far,private/family car
OGB/2024/208,Nkechi Nwosu,Jss 3,11,Male,Igbo,True,4,English Language,True,True,>8 hours,1 - 2 hours,False,False,True,True,close,school bus
OGB/2024/209,Ugo Nwosu,Jss 3,12,Male,Hausa,True,0,Mathematics,True,True,6 - 8 hours,<1 hour,False,True,False,False,very far,trekking
OGB/2024/210,Sadiq Hassan,Jss 2,11,Female,Yoruba,True,0,History,True,True,6 - 8 hours,> 6 hours,False,True,False,True,far,tricycle
OGB/2024/211,Chinyere Dada,SS3,14,Female,Igbo,True,0,Chemistry,True,True,>8 hours,4 - 6 hours,False,False,False,True,close,bicycle
OGB/2024/212,Ekene Olaniyi,Jss 3,13,Male,Hausa,True,4,Mathematics,True,True,>8 hours,4 - 6 hours,False,False,True,False,very close,private/family car
OGB/2024/213,Kanyinsola Ajibola,Jss 3,13,Female,Igbo,True,3,Business Studies,True,True,6 - 8 hours,2 - 3 hours,True,False,True,True,close,private/family car
OGB/2024/214,Nkechi Okeke,Jss 1,11,Male,Yoruba,True,1,Mathematics,True,False,>8 hours,2 - 3 hours,False,False,True,False,very far,trekking
OGB/2024/215,Sadiq Eze,SS3,15,Female,Hausa,True,1,Biology,True,True,<6 hours,<1 hour,True,True,False,False,very close,tricycle
OGB/2024/216,Chika Ogundipe,Jss 2,10,Female,Yoruba,True,1,Physics,True,True,6 - 8 hours,<1 hour,True,False,True,True,very far,school bus
OGB/2024/217,Opeyemi Obadiah,Jss 3,12,Male,Igbo,True,1,Chemistry,True,True,>8 hours,<1 hour,False,True,True,False,close,school bus
OGB/2024/218,Ada Ogundipe,SS2,16,Male,Igbo,True,3,Physics,True,True,6 - 8 hours,3 - 4 hours,False,False,False,True,far,private/family car
OGB/2024/219,Ngozi Abubakar,SS3,16,Male,Hausa,True,2,Business Studies,True,True,>8 hours,1 - 2 hours,False,True,False,False,very far,school bus
OGB/2024/220,Kanyinsola Suleiman,SS3,15,Female,Igbo,True,4,Physics,True,True,6 - 8 hours,1 - 2 hours,True,False,True,False,very far,bicycle
OGB/2024/221,Temiloluwa Ogunyemi,Jss 3,13,Female,Yoruba,True,more than 5,Chemistry,True,True,6 - 8 hours,> 6 hours,True,False,True,True,very far,bicycle
OGB/2024/222,Adebisi Nwosu,SS3,17,Female,Igbo,True,3,Mathematics,True,False,6 - 8 hours,2 - 3 hours,True,False,False,False,very close,tricycle
OGB/2024/223,Ifeoma Onyekachi,Jss 2,13,Female,Yoruba,True,2,Fine Arts,True,True,<6 hours,4 - 6 hours,True,False,False,True,very close,trekking
OGB/2024/224,Zainab Balogun,Jss 3,13,Male,Igbo,True,1,Physics,True,True,<6 hours,> 6 hours,True,False,True,True,far,tricycle
OGB/2024/225,Tunde Aiyegbusi,Jss 1,10,Male,Yoruba,False,1,Biology,True,True,6 - 8 hours,> 6 hours,True,False,True,True,very far,trekking
OGB/2024/226,Olufemi Okwudili,Jss 3,11,Female,Yoruba,True,4,Agricultural Science,True,True,>8 hours,> 6 hours,False,True,True,False,far,trekking
OGB/2024/227,Duru Ogunbiyi,Jss 3,11,Male,Yoruba,False,1,Mathematics,True,True,<6 hours,4 - 6 hours,True,False,False,True,far,trekking
OGB/2024/228,Obiageli Okwudili,SS3,17,Female,Igbo,True,2,Geography,True,True,>8 hours,4 - 6 hours,True,False,False,True,very far,tricycle
OGB/2024/229,Fisayo Adeola,Jss 1,9,Male,Yoruba,True,4,Civic Education,True,True,6 - 8 hours,4 - 6 hours,False,True,False,False,close,private/family car
OGB/2024/230,Yemi Ogunleye,Jss 3,12,Male,Hausa,True,3,English Language,True,True,>8 hours,1 - 2 hours,False,False,False,False,very far,bicycle
OGB/2024/231,Chinyere Eze,Jss 3,11,Male,Igbo,True,3,Computer Studies,True,False,<6 hours,3 - 4 hours,True,False,False,False,close,trekking
OGB/2024/232,Nneka Okwudili,SS3,14,Female,Yoruba,True,1,Business Studies,True,False,>8 hours,> 6 hours,False,True,True,True,close,private/family car
OGB/2024/233,Bukola Nwosu,SS3,15,Female,Yoruba,True,4,Fine Arts,True,True,>8 hours,4 - 6 hours,True,True,False,False,very far,tricycle
OGB/2024/234,Bukola Hassan,Jss 1,9,Female,Yoruba,False,4,Agricultural Science,True,True,6 - 8 hours,2 - 3 hours,True,False,True,True,very far,bicycle
OGB/2024/235,Olufemi Adeyemi,SS2,15,Female,Yoruba,True,2,Biology,True,True,6 - 8 hours,<1 hour,False,False,True,False,very far,tricycle
OGB/2024/236,Bimbo Chukwuma,SS1,14,Female,Hausa,True,1,Fine Arts,True,True,>8 hours,<1 hour,False,True,True,True,close,school bus
OGB/2024/237,Bimbo Ezeani,SS3,18,Female,Hausa,True,1,Business Studies,True,True,>8 hours,2 - 3 hours,True,True,False,True,very close,private/family car
OGB/2024/238,Obinna Adebayo,Jss 3,12,Female,Hausa,True,2,Agricultural Science,True,True,6 - 8 hours,2 - 3 hours,False,False,True,True,very far,trekking
OGB/2024/239,Nkechi Adesina,Jss 3,13,Male,Yoruba,True,2,History,True,True,<6 hours,2 - 3 hours,False,True,False,True,very close,tricycle
OGB/2024/240,Jumoke Obi,Jss 2,13,Male,Yoruba,True,2,Biology,True,True,<6 hours,3 - 4 hours,False,False,True,False,close,trekking
OGB/2024/241,Jumoke Balogun,Jss 2,12,Female,Igbo,True,0,Agricultural Science,True,True,>8 hours,<1 hour,False,False,True,False,close,private/family car
OGB/2024/242,Bimbo Akanbi,SS3,14,Female,Hausa,True,more than 5,Fine Arts,True,True,6 - 8 hours,3 - 4 hours,False,False,False,True,far,private/family car
OGB/2024/243,Kanyinsola Okeke,Jss 3,13,Male,Yoruba,True,more than 5,Physics,True,True,>8 hours,4 - 6 hours,True,True,False,False,far,bicycle
OGB/2024/244,Uche Uba,SS2,14,Female,Yoruba,True,4,Fine Arts,True,True,6 - 8 hours,<1 hour,True,False,True,False,very close,school bus
OGB/2024/245,Chika Suleiman,SS2,15,Female,Hausa,True,2,Business Studies,True,True,<6 hours,2 - 3 hours,False,False,False,False,close,school bus
OGB/2024/246,Kanyinsola Nduka,SS1,14,Male,Yoruba,True,2,Mathematics,True,True,>8 hours,3 - 4 hours,True,True,False,True,very far,tricycle
OGB/2024/247,Ada Obi,Jss 1,9,Female,Yoruba,True,1,History,True,True,6 - 8 hours,1 - 2 hours,False,True,False,False,very far,tricycle
OGB/2024/248,Fisayo Awojobi,SS3,16,Male,Yoruba,True,3,History,True,True,>8 hours,<1 hour,False,False,False,True,very close,bicycle
OGB/2024/249,Ifeoma Tajudeen,Jss 2,12,Female,Yoruba,True,2,History,True,True,<6 hours,> 6 hours,False,True,False,True,far,private/family car
OGB/2024/250,Chinonso Obinna,Jss 2,10,Female,Igbo,True,1,Business Studies,True,True,<6 hours,2 - 3 hours,False,False,True,False,very close,private/family car
OGB/2024/251,Adebisi Aiyegbusi,SS1,14,Female,Igbo,True,1,Geography,False,True,>8 hours,2 - 3 hours,False,False,False,False,very close,private/family car
OGB/2024/252,Chinwe Awojobi,Jss 1,12,Male,Igbo,True,1,Agricultural Science,True,True,>8 hours,4 - 6 hours,False,True,False,True,far,bicycle
OGB/2024/253,Ngozi Akanbi,SS3,17,Male,Hausa,True,1,Mathematics,True,True,>8 hours,3 - 4 hours,True,True,True,True,very far,trekking
OGB/2024/254,Olamide Nwosu,Jss 2,13,Female,Hausa,True,3,Mathematics,True,False,6 - 8 hours,4 - 6 hours,True,True,False,True,very far,school bus
OGB/2024/255,Amina Hassan,Jss 2,13,Male,Hausa,True,more than 5,Fine Arts,False,True,6 - 8 hours,1 - 2 hours,True,True,False,False,close,trekking
OGB/2024/256,Jumoke Uba,SS3,16,Male,Igbo,True,3,Physics,True,True,>8 hours,> 6 hours,False,False,True,True,far,private/family car
OGB/2024/257,Nneka Ojo,Jss 3,11,Female,Hausa,False,1,Biology,True,True,<6 hours,1 - 2 hours,True,False,True,True,close,school bus
OGB/2024/258,Temiloluwa Ojo,Jss 2,13,Male,Yoruba,False,2,Computer Studies,True,False,>8 hours,4 - 6 hours,False,True,True,False,very close,tricycle
OGB/2024/259,Duru Balogun,SS3,17,Female,Yoruba,True,1,Civic Education,True,True,>8 hours,<1 hour,False,False,False,True,very far,bicycle
OGB/2024/260,Duru Ogunleye,Jss 1,11,Female,Yoruba,True,0,Biology,True,True,<6 hours,<1 hour,True,False,True,False,very close,tricycle
OGB/2024/261,Ugo Ojo,SS3,18,Female,Yoruba,True,4,Business Studies,True,True,<6 hours,4 - 6 hours,False,False,True,False,very close,bicycle
OGB/2024/262,Nkechi Obadiah,Jss 2,12,Female,Yoruba,True,4,Fine Arts,False,True,6 - 8 hours,> 6 hours,False,False,True,False,very far,school bus
OGB/2024/263,Chukwuemeka Okeke,Jss 2,10,Female,Yoruba,True,2,Fine Arts,True,True,>8 hours,> 6 hours,False,True,False,True,very far,school bus
OGB/2024/264,Ugo Ibrahim,Jss 2,13,Male,Yoruba,False,1,Business Studies,True,True,>8 hours,4 - 6 hours,True,True,False,False,far,bicycle
OGB/2024/265,Fisayo Aiyegbusi,Jss 2,10,Female,Hausa,True,1,Geography,True,True,>8 hours,<1 hour,False,True,False,False,very far,private/family car
OGB/2024/266,Ihuoma Nwankwo,SS2,15,Female,Igbo,True,0,Computer Studies,True,True,>8 hours,3 - 4 hours,False,False,True,True,close,tricycle
OGB/2024/267,Bola Tajudeen,Jss 1,10,Female,Igbo,True,2,Agricultural Science,False,True,<6 hours,> 6 hours,False,True,True,True,very far,bicycle
OGB/2024/268,Chinyere Tajudeen,Jss 1,11,Male,Igbo,True,1,Fine Arts,True,False,>8 hours,> 6 hours,True,True,True,True,very close,trekking
OGB/2024/269,Temitope Okwudili,SS3,16,Female,Igbo,True,4,Computer Studies,True,True,>8 hours,4 - 6 hours,True,False,False,False,very close,private/family car
OGB/2024/270,Kelechi Dada,Jss 2,10,Female,Yoruba,True,2,Biology,True,False,>8 hours,> 6 hours,False,True,True,True,far,tricycle
OGB/2024/271,Nkemdilim Chukwuma,Jss 3,11,Female,Yoruba,True,3,Fine Arts,True,True,>8 hours,2 - 3 hours,False,True,False,True,very close,tricycle
OGB/2024/272,Chinonso Abiola,Jss 2,12,Male,Yoruba,True,2,Biology,True,True,6 - 8 hours,3 - 4 hours,False,False,False,False,close,private/family car
OGB/2024/273,Ugo Ezeani,Jss 1,11,Male,Yoruba,True,more than 5,Physics,True,True,>8 hours,4 - 6 hours,False,False,False,False,far,trekking
OGB/2024/274,Opeyemi Nduka,SS3,16,Male,Hausa,True,4,Civic Education,True,False,<6 hours,2 - 3 hours,False,False,False,True,very far,tricycle
OGB/2024/275,Fola Ezeani,SS1,14,Female,Igbo,True,1,Chemistry,True,True,6 - 8 hours,2 - 3 hours,False,False,True,True,very far,private/family car
OGB/2024/276,Ihuoma Awojobi,SS3,18,Female,Hausa,False,3,Business Studies,True,True,>8 hours,4 - 6 hours,False,False,True,True,very far,school bus
OGB/2024/277,Doyin Johnson,Jss 3,13,Male,Igbo,True,3,English Language,True,False,<6 hours,4 - 6 hours,True,False,True,False,very close,bicycle
OGB/2024/278,Ujunwa Aiyegbusi,SS3,17,Female,Hausa,False,2,Chemistry,True,True,6 - 8 hours,4 - 6 hours,True,False,False,False,very close,school bus
OGB/2024/279,Chinonso Akanbi,SS1,13,Male,Igbo,False,2,Chemistry,True,True,6 - 8 hours,2 - 3 hours,True,True,False,True,close,tricycle
OGB/2024/280,Nneka Onyekachi,Jss 2,13,Female,Igbo,True,4,Fine Arts,True,True,>8 hours,1 - 2 hours,True,True,True,False,very far,school bus
OGB/2024/281,Doyin Dada,SS1,14,Female,Hausa,True,1,Agricultural Science,True,True,6 - 8 hours,4 - 6 hours,False,True,False,True,close,trekking
OGB/2024/282,Temiloluwa Olowu,SS3,17,Female,Hausa,True,1,English Language,True,True,>8 hours,4 - 6 hours,False,True,True,False,very far,tricycle
OGB/2024/283,Ololade Ogunyemi,Jss 1,9,Female,Yoruba,True,1,History,True,True,>8 hours,3 - 4 hours,True,False,True,False,far,bicycle
OGB/2024/284,Bukola Abubakar,SS3,16,Female,Hausa,True,3,Mathematics,False,True,6 - 8 hours,4 - 6 hours,False,True,True,True,close,bicycle
OGB/2024/285,Bimbo Ogundipe,SS3,18,Female,Igbo,True,2,History,True,True,6 - 8 hours,> 6 hours,False,False,False,False,close,bicycle
OGB/2024/286,Nkechi Ojo,SS1,14,Female,Igbo,True,1,Physics,True,True,6 - 8 hours,> 6 hours,True,True,False,True,very close,trekking
OGB/2024/287,Chinyere Awojobi,Jss 3,12,Male,Igbo,True,2,Agricultural Science,True,True,6 - 8 hours,3 - 4 hours,False,True,True,False,very close,bicycle
OGB/2024/288,Damilola Akanbi,SS3,14,Female,Igbo,True,3,Physics,True,False,6 - 8 hours,3 - 4 hours,False,False,True,False,close,school bus
OGB/2024/289,Sadiq Dada,Jss 1,9,Female,Hausa,True,3,Chemistry,True,True,<6 hours,1 - 2 hours,False,True,False,True,far,school bus
OGB/2024/290,Bukola Okafor,Jss 3,13,Male,Yoruba,True,2,Chemistry,True,True,<6 hours,4 - 6 hours,False,True,True,True,very close,tricycle
OGB/2024/291,Bukola Nduka,Jss 3,13,Female,Igbo,True,4,Computer Studies,True,True,>8 hours,1 - 2 hours,False,True,True,False,very far,bicycle
OGB/2024/292,Adebisi Onyekachi,SS2,15,Female,Igbo,True,4,Physics,True,True,>8 hours,> 6 hours,True,False,False,False,close,trekking
OGB/2024/293,Olufemi Aiyegbusi,Jss 3,12,Female,Igbo,True,4,Mathematics,True,True,>8 hours,2 - 3 hours,True,False,False,True,very close,private/family car
OGB/2024/294,Aderonke Olatunde,SS3,18,Female,Hausa,True,3,Geography,True,True,6 - 8 hours,1 - 2 hours,True,False,True,False,very close,school bus
OGB/2024/295,Tobi Uba,Jss 1,10,Male,Igbo,True,1,Civic Education,False,True,>8 hours,<1 hour,True,False,False,False,far,tricycle
OGB/2024/296,Jumoke Nduka,Jss 1,9,Male,Yoruba,True,1,Fine Arts,True,True,>8 hours,<1 hour,False,False,False,False,close,school bus
OGB/2024/297,Chukwuemeka Adeola,SS2,14,Female,Yoruba,True,4,Chemistry,False,True,6 - 8 hours,<1 hour,True,False,True,True,very far,school bus
OGB/2024/298,Amina Olaniyi,Jss 1,12,Female,Igbo,True,2,Mathematics,True,True,<6 hours,3 - 4 hours,True,False,True,True,far,tricycle
OGB/2024/299,Tunde Nwosu,Jss 2,10,Female,Igbo,False,4,Chemistry,True,False,>8 hours,> 6 hours,False,False,True,False,close,school bus
OGB/2024/300,Olamide Ogunbiyi,SS2,14,Male,Hausa,True,1,Geography,True,True,6 - 8 hours,<1 hour,True,True,False,True,close,school bus
OGB/2024/301,Ada Olaniyi,SS1,13,Male,Igbo,True,2,Computer Studies,False,True,>8 hours,> 6 hours,False,True,True,False,very close,trekking
OGB/2024/302,Ayo Okeke,Jss 3,11,Male,Hausa,True,2,Mathematics,True,True,<6 hours,1 - 2 hours,True,True,False,True,close,private/family car
OGB/2024/303,Olufemi Olatunde,SS3,16,Male,Yoruba,True,1,Business Studies,True,True,>8 hours,4 - 6 hours,True,True,False,True,very far,tricycle
OGB/2024/304,Tunde Okafor,SS1,14,Female,Hausa,True,0,Computer Studies,True,True,<6 hours,3 - 4 hours,False,True,True,False,very close,tricycle
OGB/2024/305,Chidera Adeyemi,Jss 3,12,Female,Hausa,False,2,Business Studies,True,True,>8 hours,3 - 4 hours,True,True,True,False,very close,bicycle
OGB/2024/306,Nkechi Ajibola,SS2,16,Female,Igbo,True,2,Physics,True,True,6 - 8 hours,<1 hour,False,True,True,False,very far,private/family car
OGB/2024/307,Kelechi Idowu,Jss 1,9,Female,Yoruba,True,2,Civic Education,True,False,>8 hours,2 - 3 hours,False,True,True,True,far,school bus
OGB/2024/308,Ngozi Obi,SS3,18,Male,Hausa,True,2,Computer Studies,False,True,>8 hours,2 - 3 hours,False,True,True,False,very far,trekking
OGB/2024/309,Obiageli Ogunbiyi,SS3,15,Male,Yoruba,True,1,Agricultural Science,True,True,<6 hours,4 - 6 hours,False,True,True,False,very close,bicycle
OGB/2024/310,Tobi Abubakar,SS2,16,Male,Hausa,True,1,Geography,False,True,6 - 8 hours,> 6 hours,True,False,True,True,very close,tricycle
OGB/2024/311,Chinwe Olatunde,SS3,17,Female,Yoruba,True,3,English Language,True,True,6 - 8 hours,1 - 2 hours,False,True,False,True,very close,private/family car
OGB/2024/312,Ayo Okafor,SS3,16,Female,Hausa,True,2,Fine Arts,True,True,<6 hours,<1 hour,True,True,True,True,very far,trekking
OGB/2024/313,Ada Nduka,Jss 2,12,Male,Yoruba,True,2,Geography,True,True,<6 hours,> 6 hours,False,False,False,True,close,tricycle
OGB/2024/314,Obinna Olaniyi,Jss 3,12,Female,Hausa,True,4,Agricultural Science,True,True,>8 hours,1 - 2 hours,False,True,True,False,close,school bus
OGB/2024/315,Ngozi Aiyegbusi,Jss 2,10,Female,Yoruba,True,1,Biology,False,True,<6 hours,> 6 hours,False,True,True,True,far,bicycle
OGB/2024/316,Tobi Ajibola,Jss 3,13,Female,Hausa,True,more than 5,Chemistry,True,True,6 - 8 hours,2 - 3 hours,False,False,False,True,close,private/family car
OGB/2024/317,Zainab Ajayi,Jss 3,11,Female,Igbo,True,1,Agricultural Science,True,True,6 - 8 hours,2 - 3 hours,True,False,False,False,close,bicycle
OGB/2024/318,Damilola Eze,Jss 3,13,Male,Yoruba,True,more than 5,English Language,True,True,<6 hours,<1 hour,False,True,True,True,very close,school bus
OGB/2024/319,Obinna Akinyemi,Jss 1,11,Male,Igbo,True,4,Agricultural Science,False,True,>8 hours,2 - 3 hours,True,False,False,True,very close,school bus
OGB/2024/320,Ngozi Nwankwo,Jss 3,12,Male,Igbo,True,more than 5,Chemistry,True,True,6 - 8 hours,2 - 3 hours,True,False,True,False,very far,tricycle
OGB/2024/321,Doyin Ajibola,SS2,15,Male,Hausa,True,1,History,True,True,6 - 8 hours,4 - 6 hours,False,True,False,False,very close,bicycle
OGB/2024/322,Oluwaseun Obadiah,Jss 3,13,Female,Igbo,True,4,Agricultural Science,True,True,6 - 8 hours,4 - 6 hours,False,True,False,False,very close,bicycle
OGB/2024/323,Ngozi Ogunyemi,Jss 2,12,Female,Yoruba,True,1,Agricultural Science,True,True,<6 hours,2 - 3 hours,False,True,False,False,far,bicycle
OGB/2024/324,Opeyemi Abubakar,SS3,15,Male,Hausa,True,0,History,True,True,>8 hours,<1 hour,True,True,False,False,close,bicycle
OGB/2024/325,Ngozi Onyekachi,Jss 1,9,Female,Hausa,True,1,English Language,True,True,<6 hours,<1 hour,False,False,True,True,very close,trekking
OGB/2024/326,Ifeoma Ibrahim,SS3,14,Female,Yoruba,True,more than 5,Geography,True,True,>8 hours,> 6 hours,False,False,False,True,close,tricycle
OGB/2024/327,Ifeoma Nduka,Jss 1,10,Male,Yoruba,False,1,Biology,False,True,<6 hours,2 - 3 hours,False,False,False,False,very close,private/family car
OGB/2024/328,Chinonso Abubakar,Jss 1,12,Male,Igbo,True,0,Biology,True,True,>8 hours,2 - 3 hours,True,True,False,False,close,trekking
OGB/2024/329,Ifeoma Okafor,SS3,18,Female,Igbo,True,2,Business Studies,True,True,>8 hours,3 - 4 hours,False,False,True,False,close,bicycle
OGB/2024/330,Ujunwa Nwosu,SS3,17,Male,Hausa,True,1,Geography,True,True,<6 hours,> 6 hours,True,True,True,False,very close,school bus
OGB/2024/331,Nnamdi Chukwuma,SS1,15,Female,Yoruba,True,3,Geography,False,True,>8 hours,4 - 6 hours,True,True,True,True,very far,school bus
OGB/2024/332,Chinwe Ojo,SS1,13,Male,Yoruba,True,2,Geography,True,True,6 - 8 hours,4 - 6 hours,False,False,False,False,very close,bicycle
OGB/2024/333,Ekene Tajudeen,SS1,14,Female,Hausa,False,1,Physics,True,True,6 - 8 hours,<1 hour,False,False,False,False,far,trekking
OGB/2024/334,Olamide Obinna,Jss 3,12,Female,Igbo,True,3,Biology,True,True,<6 hours,1 - 2 hours,True,True,False,False,far,trekking
OGB/2024/335,Chinwe Obinna,Jss 2,13,Male,Yoruba,True,3,Computer Studies,True,True,6 - 8 hours,1 - 2 hours,False,False,False,False,close,tricycle
OGB/2024/336,Chika Akanbi,Jss 3,11,Female,Igbo,True,1,Agricultural Science,True,True,>8 hours,2 - 3 hours,False,True,True,True,close,school bus
OGB/2024/337,Ada Nwankwo,SS2,16,Female,Igbo,True,2,Civic Education,True,True,<6 hours,2 - 3 hours,True,True,False,True,very far,bicycle
OGB/2024/338,Uche Okafor,SS3,16,Male,Hausa,True,2,Agricultural Science,True,True,6 - 8 hours,> 6 hours,True,False,True,False,very far,trekking
OGB/2024/339,Opeyemi Ogunyemi,SS3,17,Male,Yoruba,True,2,Business Studies,True,True,<6 hours,3 - 4 hours,True,False,False,True,very close,trekking
OGB/2024/340,Duru Hassan,SS3,15,Male,Hausa,True,2,Mathematics,False,True,>8 hours,3 - 4 hours,False,False,True,True,close,private/family car
OGB/2024/341,Nkechi Ezeani,SS3,14,Female,Hausa,True,0,English Language,True,True,<6 hours,<1 hour,False,False,True,False,close,tricycle
OGB/2024/342,Obinna Abiola,SS2,14,Male,Igbo,True,2,Business Studies,True,True,6 - 8 hours,> 6 hours,True,True,True,True,very close,private/family car
OGB/2024/343,Damilola Onyekachi,Jss 3,11,Male,Yoruba,True,3,Geography,True,True,<6 hours,1 - 2 hours,False,False,False,False,far,school bus
OGB/2024/344,Ijeoma Akinyemi,SS1,14,Male,Hausa,True,more than 5,Civic Education,True,True,<6 hours,3 - 4 hours,False,False,True,True,far,bicycle
OGB/2024/345,Yemi Ogunyemi,Jss 2,11,Female,Yoruba,True,4,Biology,False,True,>8 hours,1 - 2 hours,True,False,True,True,close,school bus
OGB/2024/346,Ngozi Obinna,SS2,16,Female,Hausa,True,3,Business Studies,True,True,<6 hours,> 6 hours,False,False,True,True,very close,bicycle
OGB/2024/347,Fisayo Akinyemi,Jss 2,13,Female,Yoruba,False,2,Computer Studies,False,True,6 - 8 hours,3 - 4 hours,True,True,True,False,very far,trekking
OGB/2024/348,Chidera Olatunde,Jss 2,10,Female,Hausa,True,0,Computer Studies,True,True,6 - 8 hours,4 - 6 hours,False,True,False,True,far,trekking
OGB/2024/349,Ugo Aiyegbusi,SS3,16,Female,Igbo,True,0,Biology,True,True,6 - 8 hours,2 - 3 hours,False,True,False,True,very close,bicycle
OGB/2024/350,Chinedu Obadiah,Jss 3,13,Female,Igbo,False,3,Mathematics,True,True,<6 hours,3 - 4 hours,False,False,True,False,very far,school bus
OGB/2024/351,Ihuoma Nwodo,SS3,16,Female,Hausa,True,1,Business Studies,True,True,>8 hours,3 - 4 hours,False,False,True,True,close,school bus
OGB/2024/352,Bimbo Okwudili,SS1,15,Female,Igbo,False,4,Geography,True,True,6 - 8 hours,> 6 hours,True,True,True,True,very far,tricycle
OGB/2024/353,Adebisi Adeola,SS3,14,Female,Hausa,True,1,History,True,True,>8 hours,<1 hour,False,False,False,True,close,private/family car
OGB/2024/354,Chidera Okwudili,SS3,18,Female,Igbo,True,1,English Language,True,True,>8 hours,4 - 6 hours,False,False,False,False,very close,bicycle
OGB/2024/355,Jumoke Onyekachi,SS3,18,Male,Yoruba,True,2,History,True,True,<6 hours,2 - 3 hours,False,False,True,False,far,school bus
OGB/2024/356,Nkemdilim Nwosu,SS3,16,Female,Igbo,True,1,Physics,True,True,<6 hours,4 - 6 hours,False,True,False,True,far,trekking
OGB/2024/357,Kelechi Adeyemi,SS2,15,Male,Yoruba,True,0,Agricultural Science,True,True,>8 hours,> 6 hours,True,False,False,False,very close,school bus
OGB/2024/358,Fola Hassan,SS2,14,Male,Yoruba,True,0,Fine Arts,False,True,>8 hours,> 6 hours,True,False,True,False,very close,school bus
OGB/2024/359,Bukola Obadiah,Jss 1,10,Female,Igbo,True,4,Physics,True,True,6 - 8 hours,2 - 3 hours,True,False,True,False,close,tricycle
OGB/2024/360,Temitope Abubakar,SS3,16,Female,Yoruba,False,2,Mathematics,True,True,<6 hours,4 - 6 hours,False,False,False,False,very far,school bus
OGB/2024/361,Nnamdi Adeola,SS3,18,Female,Igbo,True,2,Agricultural Science,True,False,>8 hours,4 - 6 hours,True,True,True,True,far,tricycle
OGB/2024/362,Nkemdilim Balogun,Jss 2,11,Male,Yoruba,False,2,Geography,True,True,6 - 8 hours,<1 hour,False,True,False,False,very far,trekking
OGB/2024/363,Zainab Okeke,Jss 2,10,Female,Igbo,True,2,Agricultural Science,True,True,<6 hours,1 - 2 hours,False,False,True,True,very close,trekking
OGB/2024/364,Kanyinsola Okafor,SS3,15,Female,Yoruba,True,3,Agricultural Science,True,True,<6 hours,4 - 6 hours,False,True,False,True,close,trekking
OGB/2024/365,Doyin Uba,Jss 3,11,Female,Hausa,True,1,Civic Education,True,True,<6 hours,> 6 hours,True,False,True,True,far,trekking
OGB/2024/366,Tobi Adeyemi,Jss 3,11,Female,Igbo,True,more than 5,Civic Education,True,True,6 - 8 hours,2 - 3 hours,True,False,True,True,very close,trekking
OGB/2024/367,Bola Ogunleye,Jss 1,12,Female,Igbo,True,2,Mathematics,True,True,6 - 8 hours,2 - 3 hours,False,False,False,False,far,school bus
OGB/2024/368,Ayo Akinyemi,SS3,14,Female,Igbo,True,3,Physics,False,True,6 - 8 hours,<1 hour,False,True,True,False,very far,private/family car
OGB/2024/369,Chinedu Abiola,SS1,14,Male,Yoruba,False,1,Business Studies,True,True,6 - 8 hours,1 - 2 hours,True,True,False,False,close,bicycle
OGB/2024/370,Duru Fadeyi,Jss 3,13,Male,Hausa,True,4,Biology,True,False,6 - 8 hours,2 - 3 hours,True,False,True,False,far,trekking
OGB/2024/371,Kehinde Nduka,Jss 2,12,Male,Yoruba,True,4,Geography,True,True,>8 hours,<1 hour,True,False,True,False,close,private/family car
OGB/2024/372,Zainab Awojobi,SS2,15,Female,Yoruba,True,0,Agricultural Science,False,False,>8 hours,2 - 3 hours,False,True,True,False,far,private/family car
OGB/2024/373,Kanyinsola Johnson,Jss 1,10,Female,Igbo,True,1,English Language,False,True,<6 hours,3 - 4 hours,False,False,True,False,very far,private/family car
OGB/2024/374,Funke Ibrahim,SS3,18,Female,Yoruba,True,more than 5,English Language,True,True,6 - 8 hours,> 6 hours,False,False,False,False,very close,school bus
OGB/2024/375,Chinyere Adesina,Jss 2,10,Male,Yoruba,True,1,Chemistry,True,True,>8 hours,4 - 6 hours,False,False,False,True,far,tricycle
OGB/2024/376,Ngozi Fadeyi,Jss 3,11,Female,Hausa,True,0,Agricultural Science,True,True,>8 hours,1 - 2 hours,True,False,True,False,very close,trekking
OGB/2024/377,Olufemi Onyekachi,Jss 3,12,Male,Yoruba,True,2,Agricultural Science,True,True,6 - 8 hours,4 - 6 hours,True,False,True,True,very far,private/family car
OGB/2024/378,Ujunwa Hassan,Jss 3,12,Male,Hausa,True,1,Mathematics,True,True,6 - 8 hours,4 - 6 hours,False,True,True,False,very far,bicycle
OGB/2024/379,Chinwe Ibrahim,SS3,17,Female,Igbo,True,3,Business Studies,True,True,6 - 8 hours,3 - 4 hours,False,True,False,True,close,school bus
OGB/2024/380,Zainab Kalu,SS3,18,Female,Hausa,True,3,English Language,True,True,<6 hours,1 - 2 hours,False,False,True,False,very close,school bus
OGB/2024/381,Uche Aiyegbusi,SS1,14,Female,Hausa,True,1,Biology,True,True,>8 hours,4 - 6 hours,True,True,False,False,close,school bus
OGB/2024/382,Chinwe Idowu,Jss 1,12,Male,Igbo,True,2,Business Studies,True,True,6 - 8 hours,<1 hour,False,False,False,False,very close,tricycle
OGB/2024/383,Chika Ogunbiyi,Jss 1,9,Female,Hausa,True,3,Business Studies,True,False,<6 hours,2 - 3 hours,True,True,True,True,very close,private/family car
OGB/2024/384,Opeyemi Ajibola,Jss 2,11,Female,Hausa,True,2,Biology,True,False,6 - 8 hours,> 6 hours,False,True,True,True,far,bicycle
OGB/2024/385,Chika Obinna,SS2,15,Female,Igbo,False,2,Business Studies,False,True,6 - 8 hours,2 - 3 hours,True,True,True,False,close,trekking
OGB/2024/386,Nneka Abiola,SS2,16,Female,Yoruba,True,0,History,True,True,6 - 8 hours,> 6 hours,True,True,True,False,very far,tricycle
OGB/2024/387,Nkechi Suleiman,Jss 2,10,Female,Hausa,True,1,English Language,True,True,>8 hours,<1 hour,True,False,False,False,close,trekking
OGB/2024/388,Olufemi Ibrahim,SS2,15,Male,Yoruba,True,4,Biology,True,True,6 - 8 hours,2 - 3 hours,True,True,False,True,very close,private/family car
OGB/2024/389,Chinonso Idowu,Jss 3,12,Female,Igbo,True,0,Agricultural Science,True,True,>8 hours,3 - 4 hours,True,False,False,True,very close,bicycle
OGB/2024/390,Obinna Johnson,Jss 3,13,Male,Igbo,True,1,Fine Arts,True,True,>8 hours,<1 hour,True,False,True,False,close,school bus
OGB/2024/391,Nkemdilim Nwankwo,Jss 2,12,Female,Yoruba,True,2,Fine Arts,True,True,<6 hours,3 - 4 hours,False,False,False,True,far,trekking
OGB/2024/392,Obiageli Akanbi,SS3,15,Female,Hausa,True,1,History,True,True,<6 hours,1 - 2 hours,False,True,True,True,very far,school bus
OGB/2024/393,Tobi Okeke,Jss 2,11,Male,Yoruba,True,1,Business Studies,True,True,>8 hours,2 - 3 hours,False,True,True,True,far,private/family car
OGB/2024/394,Amina Obi,Jss 3,11,Female,Igbo,True,3,English Language,True,True,>8 hours,3 - 4 hours,False,True,False,True,close,private/family car
OGB/2024/395,Doyin Ogunbiyi,Jss 2,13,Female,Igbo,True,1,Fine Arts,True,True,6 - 8 hours,2 - 3 hours,False,True,False,True,close,private/family car
OGB/2024/396,Oluwaseun Tajudeen,SS2,16,Male,Hausa,True,3,Business Studies,True,True,6 - 8 hours,1 - 2 hours,True,False,False,True,very far,school bus
OGB/2024/397,Bukola Onyekachi,Jss 3,11,Female,Igbo,True,0,Chemistry,True,True,>8 hours,4 - 6 hours,True,False,False,True,close,trekking
OGB/2024/398,Nnamdi Nwosu,SS2,14,Male,Yoruba,True,2,Mathematics,True,True,>8 hours,2 - 3 hours,True,False,True,False,very close,private/family car
OGB/2024/399,Funke Ogundipe,Jss 1,10,Female,Yoruba,True,1,Civic Education,True,True,6 - 8 hours,1 - 2 hours,False,True,False,True,close,private/family car
OGB/2024/400,Ifeanyichukwu Kalu,Jss 3,12,Female,Yoruba,True,2,Fine Arts,True,True,6 - 8 hours,<1 hour,True,True,True,False,very far,private/family car
OGB/2024/401,Zainab Ogunyemi,SS1,13,Female,Yoruba,True,2,Geography,True,True,6 - 8 hours,2 - 3 hours,True,True,False,False,far,trekking
OGB/2024/402,Chinwe Abubakar,Jss 1,10,Male,Hausa,True,3,Mathematics,True,True,6 - 8 hours,<1 hour,False,True,False,False,close,bicycle
OGB/2024/403,Yemi Eze,Jss 3,12,Female,Yoruba,True,2,English Language,True,True,<6 hours,1 - 2 hours,False,False,True,True,far,trekking
OGB/2024/404,Funke Obinna,Jss 2,11,Male,Hausa,True,4,English Language,True,True,6 - 8 hours,<1 hour,True,False,True,True,far,bicycle
OGB/2024/405,Obiageli Ajayi,Jss 2,12,Male,Igbo,True,2,Mathematics,True,True,>8 hours,3 - 4 hours,True,True,True,True,very close,private/family car
OGB/2024/406,Kanyinsola Akinyemi,Jss 2,12,Female,Igbo,True,2,Chemistry,True,True,>8 hours,4 - 6 hours,False,True,True,False,very far,bicycle
OGB/2024/407,Kehinde Eze,Jss 3,11,Female,Hausa,True,1,Physics,True,True,6 - 8 hours,<1 hour,True,True,True,False,far,trekking
OGB/2024/408,Adebisi Akinyemi,Jss 1,11,Male,Hausa,True,3,Agricultural Science,True,True,6 - 8 hours,3 - 4 hours,True,True,True,True,very close,private/family car
OGB/2024/409,Damilola Obi,SS3,15,Female,Igbo,True,2,English Language,True,True,>8 hours,4 - 6 hours,True,False,True,False,close,school bus
OGB/2024/410,Obiageli Johnson,Jss 2,12,Female,Igbo,True,2,Computer Studies,True,True,>8 hours,1 - 2 hours,False,False,False,False,far,tricycle
OGB/2024/411,Fola Okwudili,Jss 3,11,Female,Yoruba,True,3,Biology,True,True,<6 hours,1 - 2 hours,False,False,False,True,far,trekking
OGB/2024/412,Obinna Ajibola,SS3,16,Female,Hausa,True,4,Physics,True,True,>8 hours,2 - 3 hours,True,False,False,False,close,trekking
OGB/2024/413,Nkemdilim Obadiah,SS1,15,Male,Igbo,False,more than 5,History,True,True,>8 hours,3 - 4 hours,False,True,False,True,close,bicycle
OGB/2024/414,Oluwaseun Chukwuma,SS3,18,Female,Hausa,True,1,History,True,True,>8 hours,> 6 hours,False,False,False,True,very close,private/family car
OGB/2024/415,Olamide Abiola,SS3,14,Female,Igbo,False,2,Civic Education,True,True,<6 hours,4 - 6 hours,True,True,True,False,close,bicycle
OGB/2024/416,Jumoke Ogundipe,Jss 1,10,Male,Hausa,True,1,Business Studies,False,True,>8 hours,2 - 3 hours,False,True,True,False,close,bicycle
OGB/2024/417,Yemi Nwosu,SS3,18,Male,Hausa,False,2,History,True,True,6 - 8 hours,2 - 3 hours,True,True,True,True,very far,trekking
OGB/2024/418,Olufemi Idowu,Jss 1,10,Male,Igbo,False,4,History,True,True,>8 hours,1 - 2 hours,True,False,True,False,far,private/family car
OGB/2024/419,Bimbo Abubakar,Jss 1,10,Female,Yoruba,True,3,Geography,True,True,>8 hours,<1 hour,True,False,True,False,close,tricycle
OGB/2024/420,Amina Ogunleye,SS3,18,Female,Yoruba,True,2,Mathematics,True,True,<6 hours,4 - 6 hours,True,True,True,True,very far,trekking
OGB/2024/421,Kanyinsola Ojo,SS3,18,Female,Yoruba,True,1,History,False,True,6 - 8 hours,> 6 hours,False,True,False,True,very close,trekking
OGB/2024/422,Chinedu Adesina,SS1,14,Male,Igbo,True,0,Business Studies,True,False,>8 hours,1 - 2 hours,False,True,False,False,very close,trekking
OGB/2024/423,Kanyinsola Adebayo,SS1,15,Male,Igbo,True,0,English Language,True,True,<6 hours,1 - 2 hours,True,True,False,False,very far,private/family car
OGB/2024/424,Ugo Hassan,SS3,14,Male,Yoruba,True,1,Agricultural Science,True,True,>8 hours,> 6 hours,True,True,False,False,very close,tricycle
OGB/2024/425,Kanyinsola Ogunleye,Jss 3,11,Female,Igbo,True,2,Mathematics,True,True,<6 hours,<1 hour,True,True,True,False,close,tricycle
OGB/2024/426,Opeyemi Nwosu,Jss 2,10,Female,Igbo,True,2,Business Studies,True,True,<6 hours,3 - 4 hours,False,True,True,True,very close,private/family car
OGB/2024/427,Opeyemi Okwudili,Jss 1,9,Female,Yoruba,True,4,Fine Arts,True,True,<6 hours,3 - 4 hours,False,True,False,False,close,bicycle
OGB/2024/428,Ifeoma Olaniyi,Jss 3,13,Female,Igbo,True,3,Computer Studies,True,True,6 - 8 hours,> 6 hours,False,False,False,False,close,school bus
OGB/2024/429,Ijeoma Ojo,SS3,18,Male,Igbo,False,0,English Language,True,True,<6 hours,4 - 6 hours,True,True,False,True,close,trekking
OGB/2024/430,Temiloluwa Adebayo,SS2,15,Female,Hausa,True,3,Fine Arts,True,False,>8 hours,<1 hour,False,False,False,False,very close,bicycle
OGB/2024/431,Zainab Ogunleye,SS3,15,Female,Hausa,True,4,Computer Studies,True,True,<6 hours,<1 hour,True,False,False,True,close,tricycle
OGB/2024/432,Ayo Chukwuma,SS3,18,Female,Yoruba,False,2,Mathematics,True,True,>8 hours,2 - 3 hours,True,False,True,True,close,trekking
OGB/2024/433,Chika Abubakar,Jss 1,12,Female,Hausa,True,2,Fine Arts,True,True,6 - 8 hours,<1 hour,True,True,True,True,close,private/family car
OGB/2024/434,Chika Okeke,SS3,18,Male,Hausa,True,more than 5,English Language,True,True,6 - 8 hours,> 6 hours,True,True,True,False,very close,tricycle
OGB/2024/435,Nneka Adebayo,Jss 2,10,Female,Igbo,True,1,Geography,True,True,<6 hours,4 - 6 hours,True,False,True,True,very far,private/family car
OGB/2024/436,Bimbo Ibrahim,SS1,14,Male,Hausa,True,0,Agricultural Science,True,True,>8 hours,<1 hour,False,False,True,False,very far,school bus
OGB/2024/437,Chinwe Olowu,SS1,15,Female,Igbo,True,4,English Language,True,True,6 - 8 hours,2 - 3 hours,False,True,False,True,far,bicycle
OGB/2024/438,Uche Ojo,Jss 3,13,Female,Hausa,True,4,Physics,True,True,6 - 8 hours,3 - 4 hours,False,True,False,False,close,private/family car
OGB/2024/439,Zainab Obi,Jss 3,12,Female,Yoruba,True,4,Business Studies,False,True,<6 hours,<1 hour,False,True,True,False,close,school bus
OGB/2024/440,Chukwuemeka Olatunde,Jss 3,13,Female,Igbo,True,1,Physics,True,True,<6 hours,<1 hour,True,False,True,True,close,tricycle
OGB/2024/441,Obiageli Abiola,Jss 3,12,Female,Hausa,True,3,Computer Studies,True,False,<6 hours,4 - 6 hours,False,False,True,False,very far,private/family car
OGB/2024/442,Chinwe Dada,Jss 2,13,Male,Igbo,True,2,English Language,True,True,>8 hours,> 6 hours,False,True,True,True,close,tricycle
OGB/2024/443,Kelechi Ezeani,SS1,13,Male,Yoruba,True,1,Physics,True,True,<6 hours,> 6 hours,True,True,False,True,close,private/family car
OGB/2024/444,Yemi Nduka,Jss 2,13,Female,Yoruba,True,4,Civic Education,False,True,<6 hours,2 - 3 hours,False,False,True,True,far,private/family car
OGB/2024/445,Kehinde Abiola,SS1,14,Female,Igbo,True,4,History,True,True,>8 hours,<1 hour,False,False,False,False,far,private/family car
OGB/2024/446,Fola Obadiah,SS3,17,Female,Yoruba,True,0,History,True,True,>8 hours,4 - 6 hours,False,False,False,True,very far,bicycle
OGB/2024/447,Oluwaseun Olaniyi,Jss 3,11,Female,Yoruba,True,1,Business Studies,True,True,<6 hours,2 - 3 hours,True,True,False,True,close,trekking
OGB/2024/448,Nkechi Ibrahim,SS3,14,Female,Hausa,True,2,Mathematics,True,True,>8 hours,> 6 hours,False,True,False,True,far,trekking
OGB/2024/449,Kanyinsola Akanbi,SS3,15,Female,Yoruba,True,1,Civic Education,True,True,>8 hours,1 - 2 hours,True,False,False,False,very far,bicycle
OGB/2024/450,Ngozi Ogundipe,SS3,17,Male,Hausa,True,4,Chemistry,True,True,<6 hours,2 - 3 hours,False,False,False,True,very close,trekking
OGB/2024/451,Fola Adeola,Jss 2,13,Female,Igbo,True,more than 5,Agricultural Science,True,True,>8 hours,1 - 2 hours,False,False,False,False,far,bicycle
OGB/2024/452,Opeyemi Awojobi,Jss 2,13,Male,Yoruba,True,1,Biology,True,True,<6 hours,1 - 2 hours,False,False,True,True,very far,bicycle
OGB/2024/453,Opeyemi Idowu,Jss 2,13,Female,Igbo,True,3,Chemistry,True,True,<6 hours,2 - 3 hours,False,True,True,False,very far,tricycle
OGB/2024/454,Obiageli Balogun,SS2,14,Male,Yoruba,True,1,Fine Arts,True,True,>8 hours,2 - 3 hours,True,True,False,False,close,bicycle
OGB/2024/455,Uche Awojobi,SS3,16,Female,Hausa,True,1,History,True,True,<6 hours,4 - 6 hours,True,False,True,True,very far,bicycle
OGB/2024/456,Fola Nduka,SS2,16,Female,Yoruba,True,1,Agricultural Science,True,False,6 - 8 hours,2 - 3 hours,True,True,False,False,very far,private/family car
OGB/2024/457,Opeyemi Ezeani,Jss 2,11,Female,Igbo,True,2,Physics,True,True,>8 hours,3 - 4 hours,True,True,True,False,very far,private/family car
OGB/2024/458,Fisayo Fadeyi,SS3,16,Female,Yoruba,True,2,Business Studies,True,True,>8 hours,> 6 hours,False,False,True,True,very far,bicycle
OGB/2024/459,Chukwuemeka Obi,Jss 3,13,Female,Hausa,True,4,Chemistry,True,True,>8 hours,<1 hour,False,False,True,False,close,private/family car
OGB/2024/460,Damilola Okafor,SS3,16,Male,Igbo,False,3,Physics,True,True,<6 hours,2 - 3 hours,False,False,True,False,very far,tricycle
OGB/2024/461,Doyin Chukwuma,SS3,16,Female,Hausa,True,2,Business Studies,True,True,<6 hours,1 - 2 hours,False,False,False,False,very close,tricycle
OGB/2024/462,Zainab Akinyemi,Jss 3,12,Male,Yoruba,True,2,Fine Arts,True,False,>8 hours,1 - 2 hours,True,False,True,False,very far,bicycle
OGB/2024/463,Ngozi Ajayi,SS3,15,Female,Yoruba,True,4,Business Studies,True,False,<6 hours,2 - 3 hours,True,True,True,True,very far,private/family car
OGB/2024/464,Opeyemi Tajudeen,SS1,14,Male,Hausa,True,1,Geography,True,True,6 - 8 hours,<1 hour,False,False,False,False,very close,school bus
OGB/2024/465,Chinonso Nwankwo,SS2,16,Female,Igbo,True,1,Mathematics,True,True,6 - 8 hours,<1 hour,False,True,False,False,far,trekking
OGB/2024/466,Chika Nwosu,SS2,16,Male,Hausa,True,3,Agricultural Science,True,True,6 - 8 hours,4 - 6 hours,True,True,False,False,close,private/family car
OGB/2024/467,Olamide Kalu,SS3,14,Female,Igbo,True,more than 5,Agricultural Science,True,True,>8 hours,4 - 6 hours,False,True,True,False,close,tricycle
OGB/2024/468,Nnamdi Johnson,SS2,15,Female,Igbo,True,4,Chemistry,True,True,<6 hours,4 - 6 hours,False,True,False,False,far,tricycle
OGB/2024/469,Aderonke Adeola,Jss 2,11,Female,Igbo,True,1,English Language,True,True,>8 hours,<1 hour,False,False,True,True,very far,school bus
OGB/2024/470,Ayo Tajudeen,Jss 1,12,Female,Hausa,True,4,Mathematics,True,True,6 - 8 hours,1 - 2 hours,True,False,True,True,very far,bicycle
OGB/2024/471,Jumoke Okafor,Jss 3,11,Male,Igbo,True,2,Mathematics,True,True,6 - 8 hours,4 - 6 hours,True,False,False,False,far,school bus
OGB/2024/472,Chinonso Aiyegbusi,Jss 3,12,Male,Hausa,True,2,Computer Studies,True,True,6 - 8 hours,2 - 3 hours,False,True,True,False,very far,school bus
OGB/2024/473,Yemi Kalu,Jss 2,13,Male,Hausa,True,2,Computer Studies,True,True,>8 hours,4 - 6 hours,True,False,True,False,far,trekking
OGB/2024/474,Fola Akinyemi,Jss 1,10,Male,Hausa,True,2,History,True,True,>8 hours,2 - 3 hours,True,True,False,False,very far,tricycle
OGB/2024/475,Amina Ogunbiyi,SS1,13,Female,Yoruba,True,3,Agricultural Science,True,False,6 - 8 hours,2 - 3 hours,False,False,True,True,very far,school bus
OGB/2024/476,Sadiq Balogun,Jss 3,11,Female,Yoruba,True,2,Agricultural Science,True,False,6 - 8 hours,1 - 2 hours,False,True,True,False,very close,bicycle
OGB/2024/477,Ifeoma Ezeani,Jss 3,11,Male,Yoruba,True,4,English Language,False,True,<6 hours,> 6 hours,False,True,True,False,far,private/family car
OGB/2024/478,Aderonke Uba,Jss 1,11,Male,Igbo,True,4,Physics,True,False,<6 hours,2 - 3 hours,True,True,False,True,close,bicycle
OGB/2024/479,Aderonke Ogundipe,SS3,17,Male,Yoruba,True,3,Biology,True,False,6 - 8 hours,4 - 6 hours,False,False,False,True,very far,trekking
OGB/2024/480,Ijeoma Aiyegbusi,Jss 1,12,Female,Yoruba,True,4,Fine Arts,True,True,<6 hours,1 - 2 hours,True,False,True,True,close,tricycle
OGB/2024/481,Ujunwa Ojo,SS3,15,Female,Yoruba,True,2,Fine Arts,True,True,6 - 8 hours,1 - 2 hours,False,False,False,True,close,bicycle
OGB/2024/482,Chinedu Abubakar,SS3,15,Female,Igbo,True,2,Fine Arts,True,False,6 - 8 hours,<1 hour,False,False,True,False,close,tricycle
OGB/2024/483,Chukwuemeka Ajayi,SS2,15,Male,Hausa,True,4,Geography,False,True,6 - 8 hours,2 - 3 hours,False,False,True,False,very close,private/family car
OGB/2024/484,Uche Ibrahim,SS1,15,Female,Yoruba,True,2,Biology,True,True,<6 hours,4 - 6 hours,False,False,True,False,very close,private/family car
OGB/2024/485,Olufemi Dada,Jss 3,13,Female,Hausa,True,0,History,True,True,6 - 8 hours,2 - 3 hours,False,True,True,True,far,private/family car
OGB/2024/486,Ololade Hassan,SS1,14,Female,Hausa,True,3,Business Studies,True,True,6 - 8 hours,4 - 6 hours,True,False,False,False,very far,bicycle
OGB/2024/487,Fisayo Akanbi,SS3,15,Female,Hausa,True,0,Agricultural Science,True,True,<6 hours,3 - 4 hours,True,True,True,True,very far,school bus
OGB/2024/488,Damilola Ibrahim,SS3,15,Female,Hausa,True,4,Chemistry,True,True,6 - 8 hours,<1 hour,False,False,True,True,very far,bicycle
OGB/2024/489,Amina Eze,Jss 3,12,Male,Yoruba,True,2,Chemistry,True,True,<6 hours,1 - 2 hours,True,False,False,False,very far,tricycle
OGB/2024/490,Tunde Balogun,SS3,18,Male,Igbo,True,3,Chemistry,True,True,6 - 8 hours,<1 hour,False,True,True,False,far,school bus
OGB/2024/491,Fisayo Balogun,SS2,15,Female,Yoruba,True,3,Biology,True,True,<6 hours,3 - 4 hours,False,False,False,False,very far,school bus
OGB/2024/492,Temitope Ajayi,Jss 3,12,Male,Igbo,True,1,Computer Studies,True,False,>8 hours,> 6 hours,False,False,True,True,very far,trekking
OGB/2024/493,Tunde Tajudeen,Jss 3,12,Male,Yoruba,True,more than 5,Physics,True,True,6 - 8 hours,<1 hour,False,False,True,False,far,private/family car
OGB/2024/494,Ayo Balogun,Jss 2,13,Male,Yoruba,True,4,Biology,True,False,<6 hours,<1 hour,True,True,True,True,very close,bicycle
OGB/2024/495,Funke Nwosu,Jss 1,9,Female,Hausa,False,2,English Language,True,True,>8 hours,3 - 4 hours,True,False,True,True,very far,trekking
OGB/2024/496,Funke Nwankwo,Jss 2,10,Female,Igbo,True,3,Chemistry,True,True,6 - 8 hours,<1 hour,True,True,True,True,very close,tricycle
OGB/2024/497,Kelechi Awojobi,SS3,17,Female,Yoruba,True,2,Business Studies,True,True,<6 hours,<1 hour,False,True,False,False,very close,trekking
OGB/2024/498,Obinna Okafor,Jss 3,13,Female,Igbo,True,2,Computer Studies,True,True,<6 hours,3 - 4 hours,True,False,True,False,very far,private/family car
OGB/2024/499,Ngozi Adeyemi,SS3,17,Female,Igbo,True,3,Mathematics,True,True,>8 hours,3 - 4 hours,True,False,True,False,close,trekking
